{"count":1,"self":467.4676224,"total":6327.0942422,"children":{"InitializeActuators":{"count":32,"self":0.00049679999999999993,"total":0.00049679999999999993,"children":null},"InitializeSensors":{"count":32,"self":0.0067941,"total":0.0067941,"children":null},"AgentSendState":{"count":2224501,"self":240.4221184,"total":508.7239628,"children":{"CollectObservations":{"count":14237120,"self":3.1847236,"total":3.1847235,"children":null},"WriteActionMask":{"count":14237120,"self":2.8909168,"total":2.8909167,"children":null},"RequestDecision":{"count":14237120,"self":8.7944839999999989,"total":262.2262032,"children":{"AgentInfo.ToProto":{"count":14237120,"self":8.7936471999999988,"total":253.43171909999998,"children":{"GenerateSensorData":{"count":14237120,"self":209.4344064,"total":244.6380719,"children":{"RayPerceptionSensor.Perceive":{"count":28474240,"self":35.2036608,"total":35.2036622,"children":null}}}}}}}}},"DecideAction":{"count":2224501,"self":5307.475968,"total":5307.4758894999995,"children":null},"AgentAct":{"count":2224501,"self":42.9650016,"total":42.965002399999996,"children":null},"AgentInfo.ToProto":{"count":15900,"self":0.018934299999999998,"total":0.45298059999999996,"children":{"GenerateSensorData":{"count":15900,"self":0.38570699999999997,"total":0.4340463,"children":{"RayPerceptionSensor.Perceive":{"count":31800,"self":0.048339299999999995,"total":0.048339299999999995,"children":null}}}}}},"gauges":{"SoccerTwos.CumulativeReward":{"count":15900,"max":0,"min":0,"runningAverage":0,"value":0,"weightedAverage":0}},"metadata":{"timer_format_version":"0.1.0","start_time_seconds":"1728053316","unity_version":"2021.3.14f1","command_line_arguments":"C:\\Users\\Jason\\Documents\\GitHub\\ai-vs-ai-soccer-challenge\\.\/training-envs-executables\/SoccerTwos\\SoccerTwos.exe -nographics -batchmode --mlagents-port 5005 -logFile C:\\Users\\Jason\\Documents\\GitHub\\ai-vs-ai-soccer-challenge\\results\\SoccerSynergy3\\run_logs\\Player-0.log","communication_protocol_version":"1.5.0","com.unity.ml-agents_version":"2.3.0-exp.3","scene_name":"SoccerTwos","end_time_seconds":"1728059643"}}